equity_risk_class,college_count,avg_tuition_change,total_tuition_impact,total_students_affected,avg_enrollment_change,avg_grad_rate_change
Low,7373,-320.9763669927023,-2366558.7538371943,2452596.5145296743,4.294386439368791,0.6813382878255069
Medium,700,-822.5531788573709,-575787.2252001596,467655.7002422445,5.620402776196513,0.8014185367152357
